{
  "best_model": "stacking_tuned",
  "validation_macro_f1": 0.7014048038885395,
  "test_metrics": {
    "accuracy": 0.9295774647887324,
    "macro_f1": 0.7412931520382627,
    "weighted_f1": 0.9248839111405945,
    "precision_weighted": 0.921792045656157,
    "recall_weighted": 0.9295774647887324
  },
  "test_confusion_matrix": [
    [
      166,
      12,
      17
    ],
    [
      9,
      1384,
      18
    ],
    [
      23,
      41,
      34
    ]
  ],
  "test_per_class": {
    "High": {
      "precision": 0.8383838383838383,
      "recall": 0.8512820512820513,
      "f1": 0.8447837150127226
    },
    "Low": {
      "precision": 0.9631176061238692,
      "recall": 0.9808646350106307,
      "f1": 0.9719101123595506
    },
    "Medium": {
      "precision": 0.4927536231884058,
      "recall": 0.3469387755102041,
      "f1": 0.40718562874251496
    }
  },
  "test_roc_auc_ovr": 0.9703222051591451
}